<cacti>	
	<hash_000021c36f178cf02ac7ad2fa41d2465db30a3>
		<name>Unix - Remote IOStats Command Graph</name>
		<graph>
			<t_title></t_title>
			<title>Unix - Remote IOStats Command</title>
			<t_image_format_id></t_image_format_id>
			<image_format_id>1</image_format_id>
			<t_height></t_height>
			<height>120</height>
			<t_width></t_width>
			<width>500</width>
			<t_slope_mode></t_slope_mode>
			<slope_mode>on</slope_mode>
			<t_auto_scale></t_auto_scale>
			<auto_scale>on</auto_scale>
			<t_auto_scale_opts></t_auto_scale_opts>
			<auto_scale_opts>2</auto_scale_opts>
			<t_auto_scale_log></t_auto_scale_log>
			<auto_scale_log></auto_scale_log>
			<t_scale_log_units></t_scale_log_units>
			<scale_log_units></scale_log_units>
			<t_auto_scale_rigid></t_auto_scale_rigid>
			<auto_scale_rigid></auto_scale_rigid>
			<t_auto_padding></t_auto_padding>
			<auto_padding>on</auto_padding>
			<t_export></t_export>
			<export>on</export>
			<t_upper_limit></t_upper_limit>
			<upper_limit>100</upper_limit>
			<t_lower_limit></t_lower_limit>
			<lower_limit>0</lower_limit>
			<t_base_value></t_base_value>
			<base_value>1000</base_value>
			<t_unit_value></t_unit_value>
			<unit_value></unit_value>
			<t_unit_exponent_value></t_unit_exponent_value>
			<unit_exponent_value></unit_exponent_value>
			<t_vertical_label></t_vertical_label>
			<vertical_label></vertical_label>
		</graph>
		<items>
			<hash_100021820f2b1e098ab5880505fcfeeabe29af>
				<task_item_id>hash_08002162edf8b56ed8ef2083645a3cb2f220c1</task_item_id>
				<color_id>F5F800</color_id>
				<alpha>FF</alpha>
				<graph_type_id>7</graph_type_id>
				<consolidation_function_id>1</consolidation_function_id>
				<cdef_id>0</cdef_id>
				<value></value>
				<gprint_id>hash_060021e9c43831e54eca8069317a2ce8c6f751</gprint_id>
				<text_format>IO Utiliziation</text_format>
				<hard_return></hard_return>
				<sequence>1</sequence>
			</hash_100021820f2b1e098ab5880505fcfeeabe29af>
			<hash_100021670840b8b1cb1914f9d54fd3902aa263>
				<task_item_id>hash_08002162edf8b56ed8ef2083645a3cb2f220c1</task_item_id>
				<color_id>0</color_id>
				<alpha>FF</alpha>
				<graph_type_id>9</graph_type_id>
				<consolidation_function_id>4</consolidation_function_id>
				<cdef_id>0</cdef_id>
				<value></value>
				<gprint_id>hash_060021e9c43831e54eca8069317a2ce8c6f751</gprint_id>
				<text_format>Current:</text_format>
				<hard_return></hard_return>
				<sequence>2</sequence>
			</hash_100021670840b8b1cb1914f9d54fd3902aa263>
			<hash_10002157046e5d2ec946c1ce0790f281cfafe5>
				<task_item_id>hash_08002162edf8b56ed8ef2083645a3cb2f220c1</task_item_id>
				<color_id>0</color_id>
				<alpha>FF</alpha>
				<graph_type_id>9</graph_type_id>
				<consolidation_function_id>1</consolidation_function_id>
				<cdef_id>0</cdef_id>
				<value></value>
				<gprint_id>hash_060021e9c43831e54eca8069317a2ce8c6f751</gprint_id>
				<text_format>Average:</text_format>
				<hard_return></hard_return>
				<sequence>3</sequence>
			</hash_10002157046e5d2ec946c1ce0790f281cfafe5>
			<hash_10002131860f34eb4d79533c15bc7fd4649afc>
				<task_item_id>hash_08002162edf8b56ed8ef2083645a3cb2f220c1</task_item_id>
				<color_id>0</color_id>
				<alpha>FF</alpha>
				<graph_type_id>9</graph_type_id>
				<consolidation_function_id>3</consolidation_function_id>
				<cdef_id>0</cdef_id>
				<value></value>
				<gprint_id>hash_060021e9c43831e54eca8069317a2ce8c6f751</gprint_id>
				<text_format>Maximum:</text_format>
				<hard_return>on</hard_return>
				<sequence>4</sequence>
			</hash_10002131860f34eb4d79533c15bc7fd4649afc>
		</items>
		<inputs>
			<hash_0900217f101c4e8971bb22a056f96061869cd8>
				<name>Data Source [ioUtil]</name>
				<description></description>
				<column_name>task_item_id</column_name>
				<items>hash_000021820f2b1e098ab5880505fcfeeabe29af|hash_000021670840b8b1cb1914f9d54fd3902aa263|hash_00002157046e5d2ec946c1ce0790f281cfafe5|hash_00002131860f34eb4d79533c15bc7fd4649afc</items>
			</hash_0900217f101c4e8971bb22a056f96061869cd8>
		</inputs>
	</hash_000021c36f178cf02ac7ad2fa41d2465db30a3>
	<hash_0100213f2c164fc124cd5eb5956db54806ed35>
		<name>Unix - Remote IOStats Command</name>
		<ds>
			<t_name></t_name>
			<name>RemoteIoStatsDS</name>
			<data_input_id>hash_0300212c1a8c93ced8702de2260c53e610f045</data_input_id>
			<t_rra_id></t_rra_id>
			<t_rrd_step></t_rrd_step>
			<rrd_step>300</rrd_step>
			<t_active></t_active>
			<active>on</active>
			<rra_items>hash_150021c21df5178e5c955013591239eb0afd46|hash_1500210d9c0af8b8acdc7807943937b3208e29|hash_1500216fc2d038fb42950138b0ce3e9874cc60|hash_150021e36f3adb9f152adfa5dc50fd2b23337e</rra_items>
		</ds>
		<items>
			<hash_080021010bb4f6ab38009d617750f84458f195>
				<t_data_source_name></t_data_source_name>
				<data_source_name>Writes</data_source_name>
				<t_rrd_minimum></t_rrd_minimum>
				<rrd_minimum>0</rrd_minimum>
				<t_rrd_maximum></t_rrd_maximum>
				<rrd_maximum>100000</rrd_maximum>
				<t_data_source_type_id></t_data_source_type_id>
				<data_source_type_id>1</data_source_type_id>
				<t_rrd_heartbeat></t_rrd_heartbeat>
				<rrd_heartbeat>600</rrd_heartbeat>
				<t_data_input_field_id></t_data_input_field_id>
				<data_input_field_id>hash_070021214b6d6aa4a191a14ff2e9f2ac16936a</data_input_field_id>
			</hash_080021010bb4f6ab38009d617750f84458f195>
			<hash_080021d6840d658c3fdefff15ce395ad2758de>
				<t_data_source_name></t_data_source_name>
				<data_source_name>Reads</data_source_name>
				<t_rrd_minimum></t_rrd_minimum>
				<rrd_minimum>0</rrd_minimum>
				<t_rrd_maximum></t_rrd_maximum>
				<rrd_maximum>100000</rrd_maximum>
				<t_data_source_type_id></t_data_source_type_id>
				<data_source_type_id>1</data_source_type_id>
				<t_rrd_heartbeat></t_rrd_heartbeat>
				<rrd_heartbeat>600</rrd_heartbeat>
				<t_data_input_field_id></t_data_input_field_id>
				<data_input_field_id>hash_07002193b6614264ee942ddcb4dbe4e1b3b365</data_input_field_id>
			</hash_080021d6840d658c3fdefff15ce395ad2758de>
			<hash_080021e638b03c46238e648b36bf7492606209>
				<t_data_source_name></t_data_source_name>
				<data_source_name>ReadsKb</data_source_name>
				<t_rrd_minimum></t_rrd_minimum>
				<rrd_minimum>0</rrd_minimum>
				<t_rrd_maximum></t_rrd_maximum>
				<rrd_maximum>10000000</rrd_maximum>
				<t_data_source_type_id></t_data_source_type_id>
				<data_source_type_id>1</data_source_type_id>
				<t_rrd_heartbeat></t_rrd_heartbeat>
				<rrd_heartbeat>600</rrd_heartbeat>
				<t_data_input_field_id></t_data_input_field_id>
				<data_input_field_id>hash_07002193672ba15e1a3e0282d75132e7229b31</data_input_field_id>
			</hash_080021e638b03c46238e648b36bf7492606209>
			<hash_0800214ebcf8d456f34d965a9744eecc881aea>
				<t_data_source_name></t_data_source_name>
				<data_source_name>WritesKb</data_source_name>
				<t_rrd_minimum></t_rrd_minimum>
				<rrd_minimum>0</rrd_minimum>
				<t_rrd_maximum></t_rrd_maximum>
				<rrd_maximum>100000</rrd_maximum>
				<t_data_source_type_id></t_data_source_type_id>
				<data_source_type_id>1</data_source_type_id>
				<t_rrd_heartbeat></t_rrd_heartbeat>
				<rrd_heartbeat>600</rrd_heartbeat>
				<t_data_input_field_id></t_data_input_field_id>
				<data_input_field_id>hash_070021b3d19bc749ba1ef7c85cf8c6e4151fb1</data_input_field_id>
			</hash_0800214ebcf8d456f34d965a9744eecc881aea>
			<hash_08002162edf8b56ed8ef2083645a3cb2f220c1>
				<t_data_source_name></t_data_source_name>
				<data_source_name>ioUtil</data_source_name>
				<t_rrd_minimum></t_rrd_minimum>
				<rrd_minimum>0</rrd_minimum>
				<t_rrd_maximum></t_rrd_maximum>
				<rrd_maximum>100</rrd_maximum>
				<t_data_source_type_id></t_data_source_type_id>
				<data_source_type_id>1</data_source_type_id>
				<t_rrd_heartbeat></t_rrd_heartbeat>
				<rrd_heartbeat>600</rrd_heartbeat>
				<t_data_input_field_id></t_data_input_field_id>
				<data_input_field_id>hash_070021bf096a5805329aabc7a75d0b21927db4</data_input_field_id>
			</hash_08002162edf8b56ed8ef2083645a3cb2f220c1>
		</items>
		<data>
			<item_000>
				<data_input_field_id>hash_070021e4975f02a2e3a057128847f106bd6c8f</data_input_field_id>
				<t_value>on</t_value>
				<value></value>
			</item_000>
			<item_001>
				<data_input_field_id>hash_07002157e48e6f0c149cbda539d0ac43385abb</data_input_field_id>
				<t_value>on</t_value>
				<value></value>
			</item_001>
			<item_002>
				<data_input_field_id>hash_070021786949ccb8491423811c1bfb21c21bf7</data_input_field_id>
				<t_value>on</t_value>
				<value></value>
			</item_002>
			<item_003>
				<data_input_field_id>hash_07002100e04f7a7e7c1d9afdc831470f577bae</data_input_field_id>
				<t_value></t_value>
				<value></value>
			</item_003>
		</data>
	</hash_0100213f2c164fc124cd5eb5956db54806ed35>
	<hash_0300212c1a8c93ced8702de2260c53e610f045>
		<name>Unix - Remote IOStats Command</name>
		<type_id>1</type_id>
		<input_string>perl &lt;path_cacti&gt;/scripts/diskIo.pl &lt;host&gt; &lt;user&gt; &lt;sshKey&gt; &lt;diskDevice&gt;</input_string>
		<fields>
			<hash_07002100e04f7a7e7c1d9afdc831470f577bae>
				<name>hostname</name>
				<update_rra></update_rra>
				<regexp_match></regexp_match>
				<allow_nulls></allow_nulls>
				<type_code>hostname</type_code>
				<input_output>in</input_output>
				<data_name>host</data_name>
			</hash_07002100e04f7a7e7c1d9afdc831470f577bae>
			<hash_070021786949ccb8491423811c1bfb21c21bf7>
				<name>Remote username</name>
				<update_rra></update_rra>
				<regexp_match></regexp_match>
				<allow_nulls></allow_nulls>
				<type_code></type_code>
				<input_output>in</input_output>
				<data_name>user</data_name>
			</hash_070021786949ccb8491423811c1bfb21c21bf7>
			<hash_07002157e48e6f0c149cbda539d0ac43385abb>
				<name>Full path to the SSH key file</name>
				<update_rra></update_rra>
				<regexp_match></regexp_match>
				<allow_nulls></allow_nulls>
				<type_code></type_code>
				<input_output>in</input_output>
				<data_name>sshKey</data_name>
			</hash_07002157e48e6f0c149cbda539d0ac43385abb>
			<hash_070021e4975f02a2e3a057128847f106bd6c8f>
				<name>Disk Partition/Device to check</name>
				<update_rra></update_rra>
				<regexp_match></regexp_match>
				<allow_nulls></allow_nulls>
				<type_code></type_code>
				<input_output>in</input_output>
				<data_name>diskDevice</data_name>
			</hash_070021e4975f02a2e3a057128847f106bd6c8f>
			<hash_07002193b6614264ee942ddcb4dbe4e1b3b365>
				<name>Reads</name>
				<update_rra>on</update_rra>
				<regexp_match></regexp_match>
				<allow_nulls></allow_nulls>
				<type_code></type_code>
				<input_output>out</input_output>
				<data_name>Reads</data_name>
			</hash_07002193b6614264ee942ddcb4dbe4e1b3b365>
			<hash_070021214b6d6aa4a191a14ff2e9f2ac16936a>
				<name>Writes</name>
				<update_rra>on</update_rra>
				<regexp_match></regexp_match>
				<allow_nulls></allow_nulls>
				<type_code></type_code>
				<input_output>out</input_output>
				<data_name>Writes</data_name>
			</hash_070021214b6d6aa4a191a14ff2e9f2ac16936a>
			<hash_07002193672ba15e1a3e0282d75132e7229b31>
				<name>ReadsKb</name>
				<update_rra>on</update_rra>
				<regexp_match></regexp_match>
				<allow_nulls></allow_nulls>
				<type_code></type_code>
				<input_output>out</input_output>
				<data_name>ReadsKb</data_name>
			</hash_07002193672ba15e1a3e0282d75132e7229b31>
			<hash_070021b3d19bc749ba1ef7c85cf8c6e4151fb1>
				<name>WritesKb</name>
				<update_rra>on</update_rra>
				<regexp_match></regexp_match>
				<allow_nulls></allow_nulls>
				<type_code></type_code>
				<input_output>out</input_output>
				<data_name>WritesKb</data_name>
			</hash_070021b3d19bc749ba1ef7c85cf8c6e4151fb1>
			<hash_070021bf096a5805329aabc7a75d0b21927db4>
				<name>ioUtil</name>
				<update_rra>on</update_rra>
				<regexp_match></regexp_match>
				<allow_nulls></allow_nulls>
				<type_code></type_code>
				<input_output>out</input_output>
				<data_name>ioUtil</data_name>
			</hash_070021bf096a5805329aabc7a75d0b21927db4>
		</fields>
	</hash_0300212c1a8c93ced8702de2260c53e610f045>
	<hash_150021c21df5178e5c955013591239eb0afd46>
		<name>Daily (5 Minute Average)</name>
		<x_files_factor>0.5</x_files_factor>
		<steps>1</steps>
		<rows>600</rows>
		<timespan>86400</timespan>
		<cf_items>1|3</cf_items>
	</hash_150021c21df5178e5c955013591239eb0afd46>
	<hash_1500210d9c0af8b8acdc7807943937b3208e29>
		<name>Weekly (30 Minute Average)</name>
		<x_files_factor>0.5</x_files_factor>
		<steps>6</steps>
		<rows>700</rows>
		<timespan>604800</timespan>
		<cf_items>1|3</cf_items>
	</hash_1500210d9c0af8b8acdc7807943937b3208e29>
	<hash_1500216fc2d038fb42950138b0ce3e9874cc60>
		<name>Monthly (2 Hour Average)</name>
		<x_files_factor>0.5</x_files_factor>
		<steps>24</steps>
		<rows>775</rows>
		<timespan>2678400</timespan>
		<cf_items>1|3</cf_items>
	</hash_1500216fc2d038fb42950138b0ce3e9874cc60>
	<hash_150021e36f3adb9f152adfa5dc50fd2b23337e>
		<name>Yearly (1 Day Average)</name>
		<x_files_factor>0.5</x_files_factor>
		<steps>288</steps>
		<rows>797</rows>
		<timespan>33053184</timespan>
		<cf_items>1|3</cf_items>
	</hash_150021e36f3adb9f152adfa5dc50fd2b23337e>
	<hash_060021e9c43831e54eca8069317a2ce8c6f751>
		<name>Normal</name>
		<gprint_text>%8.2lf %s</gprint_text>
	</hash_060021e9c43831e54eca8069317a2ce8c6f751>
</cacti>