<interface>
        <name>Get SNMP Interfaces</name>
        <description>Queries a host for a list of monitorable interfaces</description>
        <oid_index>.1.3.6.1.2.1.2.2.1.1</oid_index>
        <oid_num_indexes>.1.3.6.1.2.1.2.1.0</oid_num_indexes>
        <index_order>ifDescr:ifName:ifHwAddr:ifIndex</index_order>
        <index_order_type>numeric</index_order_type>
        <index_title_format>|chosen_order_field|</index_title_format>

        <fields>
                <ifIndex>
                        <name>Index</name>
                        <method>walk</method>
                        <source>value</source>
                        <direction>input</direction>
                        <oid>.1.3.6.1.2.1.2.2.1.1</oid>
                </ifIndex>
                <ifOperStatus>
                        <name>Status</name>
                        <method>walk</method>
                        <source>value</source>
                        <direction>input</direction>
                        <oid>.1.3.6.1.2.1.2.2.1.8</oid>
                </ifOperStatus>
                <ifDescr>
                        <name>Description</name>
                        <method>walk</method>
                        <source>value</source>
                        <direction>input</direction>
                        <oid>.1.3.6.1.2.1.2.2.1.2</oid>
                </ifDescr>
                <ifName>
                        <name>Name (IF-MIB)</name>
                        <method>walk</method>
                        <source>value</source>
                        <direction>input</direction>
                        <oid>.1.3.6.1.2.1.31.1.1.1.1</oid>
                </ifName>
                <ifAlias>
                        <name>Alias (IF-MIB)</name>
                        <method>walk</method>
                        <source>value</source>
                        <direction>input</direction>
                        <oid>.1.3.6.1.2.1.31.1.1.1.18</oid>
                </ifAlias>
                <ifType>
                        <name>Type</name>
                        <method>walk</method>
                        <source>value</source>
                        <direction>input</direction>
                        <oid>.1.3.6.1.2.1.2.2.1.3</oid>
                </ifType>
                <ifSpeed>
                        <name>Speed</name>
                        <method>walk</method>
                        <source>value</source>
                        <direction>input</direction>
                        <oid>.1.3.6.1.2.1.2.2.1.5</oid>
                </ifSpeed>
                <ifHwAddr>
                        <name>Hardware Address</name>
                        <method>walk</method>
                        <source>value</source>
                        <direction>input</direction>
                        <oid>.1.3.6.1.2.1.2.2.1.6</oid>
                </ifHwAddr>
                <ifInOctets>
                        <name>Bytes In</name>
                        <method>walk</method>
                        <source>value</source>
                        <direction>output</direction>
                        <oid>.1.3.6.1.2.1.2.2.1.10</oid>
                </ifInOctets>
                <ifOutOctets>
                        <name>Bytes Out</name>
                        <method>walk</method>
                        <source>value</source>
                        <direction>output</direction>
                        <oid>.1.3.6.1.2.1.2.2.1.16</oid>
                </ifOutOctets>
                <ifIP>
                        <name>IP Address</name>
                        <method>walk</method>
                        <source>OID/REGEXP:.*\.([0-9]{1,3}\.[0-9]{1,3}\.[0-9]{1,3}\.[0-9]{1,3})$</source>
                        <direction>input</direction>
                        <oid>.1.3.6.1.2.1.4.20.1.2</oid>
                </ifIP>
        </fields>
</interface>
